variant,node,status,raw_n_meas,post_n_meas,n_params,n_nuisance,has_adjust,has_dep,input_corr_rows,input_corr_nonzero,has_input_corr,value,chi2_min,error_p,error_n,upper_endpoint,lower_endpoint,upper_residual,lower_residual,fresh_upper_chi2,fresh_lower_chi2,fresh_upper_residual,fresh_lower_residual,fresh_upper_status,fresh_lower_status,fresh_upper_grad_norm,fresh_lower_grad_norm,profile_calls,profile_successes,profile_failures,profile_methods,profile_message_summary,runtime_sec,exception_type,exception,endpoint_search_method,endpoint_function_evals,endpoint_cache_hits,upper_function_evals,lower_function_evals,upper_cache_hits,lower_cache_hits,upper_bracket_evals,lower_bracket_evals,upper_bisect_evals,lower_bisect_evals
baseline-current,M002W,ok,3,3,1,0,False,False,0,0,False,0.2300390624999999,0.8800797578997396,0.021484375000000056,0.02126953125,0.25152343749999995,0.2087695312499999,-0.00031976243996645337,-0.004999656283968035,1.8797599954597732,1.8750801016157717,-0.00031976243996645337,-0.004999656283968035,ok,ok,0.0,0.0,27,27,0,,27x direct,2.2956312549940776,,,,,,,,,,,,,
baseline-current,M026R08,ok,2,4,3,2,True,False,0,0,False,0.1593996913955738,0.1579668852186634,0.01987005609699094,0.019546087791061734,0.17926974749256475,0.13985360360451207,0.0012911859348374577,0.001722247423365797,1.1592580711535008,1.15968913264203,0.0012911859348374577,0.0017222474233666851,ok,ok,7.148208883636724e-05,0.00024280382630633047,22,22,0,,1x Optimization terminated successfully.; nuisance_grad_norm=0.000108; 1x Optimization terminated successfully.; nuisance_grad_norm=0.000135; 1x Optimization terminated successfully.; nuisance_grad_norm=0.00016; 1x Optimization terminated successfully.; nuisance_grad_norm=0.000307; 1x Optimization terminated successfully.; nuisance_grad_norm=0.000321; 1x Optimization terminated successfully.; nuisance_grad_norm=0.000345,4.856278192994068,,,,,,,,,,,,,
baseline-current,M056R50,ok,2,3,2,1,True,False,0,0,False,0.0003971854153037911,0.01864489748237531,4.6928240836386595e-05,4.6928240836386595e-05,0.0004441136561401777,0.00035025717446740453,-0.004998518325743939,-0.0029390653261975874,1.0136463791566315,1.0157058321561783,-0.004998518325743939,-0.0029390653261971433,ok,ok,2.5011104298755527e-12,7.635660523419574e-06,27,27,0,,1x Optimization terminated successfully.; nuisance_grad_norm=1.14e-12; 1x Optimization terminated successfully.; nuisance_grad_norm=1.19e-12; 1x Optimization terminated successfully.; nuisance_grad_norm=1.21e-05; 1x Optimization terminated successfully.; nuisance_grad_norm=1.52e-05; 1x Optimization terminated successfully.; nuisance_grad_norm=1.84e-06; 1x Optimization terminated successfully.; nuisance_grad_norm=2.05e-12,2.9452165340044303,,,,,,,,,,,,,
baseline-current,M057B18,ok,2,2,1,0,False,False,0,0,False,0.0025115624999999995,5.452349014707184,0.00037949218749999984,0.00037949218749999984,0.0028910546874999993,0.0021320703124999996,-0.004998958179912805,-0.00239034660561277,6.447350056527271,6.449958668101571,-0.004998958179912805,-0.00239034660561277,ok,ok,0.0,0.0,25,25,0,,25x direct,1.256111285998486,,,,,,,,,,,,,
baseline-current,M070R84,ok,6,10,5,4,True,False,0,0,False,0.005288803362133691,4.6586287347639885,4.6835937499999786e-05,4.705078124999946e-05,0.005335639299633691,0.0052417525808836915,-0.00328567038998262,-0.000835307718113576,5.655343064374006,5.657793427045876,-0.00328567038998262,-0.0008353077181126878,ok,ok,3.2632523505519706e-06,5.363745987523209e-05,30,30,0,,1x Optimization terminated successfully.; nuisance_grad_norm=0.00011; 1x Optimization terminated successfully.; nuisance_grad_norm=0.000125; 1x Optimization terminated successfully.; nuisance_grad_norm=0.000141; 1x Optimization terminated successfully.; nuisance_grad_norm=0.000145; 1x Optimization terminated successfully.; nuisance_grad_norm=0.000181; 1x Optimization terminated successfully.; nuisance_grad_norm=0.000206,12.59775419899961,,,,,,,,,,,,,
baseline-current,S032B94,ok,3,3,1,0,False,False,0,0,False,0.01720917968749994,12.033191963055474,0.0004971175555428843,0.0005002440810494453,0.017706297243042825,0.016708935606450495,-0.004994120467022967,0.00268065717934185,13.028197842588451,13.035872620234816,-0.004994120467022967,0.00268065717934185,ok,ok,0.0,0.0,30,30,0,,30x direct,0.3636053450027248,,,,,,,,,,,,,
baseline-current,S041B46,ok,4,8,5,4,True,False,0,0,False,0.5820343207479517,0.3232133739368186,0.02239792657685369,0.021764022994489873,0.6044322473248054,0.5602702977534618,0.00412503042287482,-9.104139276683298e-06,1.327338404359695,1.323204269797542,0.0041250304228763746,-9.104139276683298e-06,ok,ok,0.000897744039873311,0.0025005254510149775,26,26,0,,1x Optimization terminated successfully.; nuisance_grad_norm=0.00047; 1x Optimization terminated successfully.; nuisance_grad_norm=0.000522; 1x Optimization terminated successfully.; nuisance_grad_norm=0.000607; 1x Optimization terminated successfully.; nuisance_grad_norm=0.000733; 1x Optimization terminated successfully.; nuisance_grad_norm=0.0011; 1x Optimization terminated successfully.; nuisance_grad_norm=0.00197,10.519513260995154,,,,,,,,,,,,,
baseline-current,S042CKS,ok,2,2,1,0,False,False,0,0,False,0.02100000000000002,1.9096097290023724,0.28002144050253236,0.2816400615458996,0.3010214405025324,-0.2606400615458996,-0.004998656029211457,-0.0026272699875944383,2.904611072973161,2.906982459014778,-0.004998656029211457,-0.0026272699875944383,ok,ok,0.0,0.0,24,24,0,,24x direct,0.35612663099891506,,,,,,,,,,,,,
baseline-current,S042R2,ok,8,11,4,3,True,False,0,0,False,0.0026685031130112306,4.085822230331433,7.295612564241043e-05,7.323172810672855e-05,0.002741459238653641,0.002595271384904502,0.0008376718558880114,0.0011568959526941924,5.086659902187326,5.086979126284128,0.0008376718558924523,0.0011568959526950806,ok,ok,0.0012374228773557841,0.0001734966266260037,34,34,0,,1x Optimization terminated successfully.; nuisance_grad_norm=0.000132; 1x Optimization terminated successfully.; nuisance_grad_norm=0.000146; 1x Optimization terminated successfully.; nuisance_grad_norm=0.000187; 1x Optimization terminated successfully.; nuisance_grad_norm=0.000195; 1x Optimization terminated successfully.; nuisance_grad_norm=0.000219; 1x Optimization terminated successfully.; nuisance_grad_norm=0.00024,10.232270716005587,,,,,,,,,,,,,
baseline-current,S051R05,ok,2,6,5,4,True,False,0,0,False,1.0685596598818239,0.9351110445874842,0.22203607237598266,0.21684224612157377,1.2905957322578065,0.8517174137602501,0.004461619596841215,-0.0022050215890141445,1.9395726641843254,1.93290602299847,0.004461619596841215,-0.0022050215890141445,ok,ok,0.0005054723357329897,0.007149590013144852,27,27,0,,1x Optimization terminated successfully.; nuisance_grad_norm=0.00013; 1x Optimization terminated successfully.; nuisance_grad_norm=0.000505; 1x Optimization terminated successfully.; nuisance_grad_norm=0.000666; 1x Optimization terminated successfully.; nuisance_grad_norm=0.000788; 1x Optimization terminated successfully.; nuisance_grad_norm=0.00103; 1x Optimization terminated successfully.; nuisance_grad_norm=0.00139,10.436467362000258,,,,,,,,,,,,,
baseline-current,S051R06,ok,2,6,5,4,True,False,0,0,False,0.39128178987805284,0.1186840842461729,0.07453626312056649,0.07169678643025928,0.46581805299861934,0.31958500344779356,6.168604284706447e-06,0.004008364704979561,1.1186902528504576,1.1226924489511525,6.168604284706447e-06,0.004008364704979561,ok,ok,0.005006111833062276,0.0013036729693377339,27,27,0,,1x Optimization terminated successfully.; nuisance_grad_norm=0.00013; 1x Optimization terminated successfully.; nuisance_grad_norm=0.000866; 1x Optimization terminated successfully.; nuisance_grad_norm=0.00109; 1x Optimization terminated successfully.; nuisance_grad_norm=0.00119; 1x Optimization terminated successfully.; nuisance_grad_norm=0.00135; 1x Optimization terminated successfully.; nuisance_grad_norm=0.00169,8.975500804997864,,,,,,,,,,,,,
baseline-current,S086R46,ok,2,6,5,4,True,False,0,0,False,1.925041720343544e-05,0.01916826640703507,1.4429285720275558e-06,1.427413211038013e-06,2.0693345775462997e-05,1.7823003992397428e-05,-0.004236434559477198,0.0007579883956578826,1.0149318318475586,1.0199262548026933,-0.004236434559476532,0.0007579883956581046,ok,ok,0.0006337011590070242,7.333429316993281e-05,23,23,0,,1x Optimization terminated successfully.; nuisance_grad_norm=0.000138; 1x Optimization terminated successfully.; nuisance_grad_norm=0.000383; 1x Optimization terminated successfully.; nuisance_grad_norm=0.000766; 1x Optimization terminated successfully.; nuisance_grad_norm=0.000887; 1x Optimization terminated successfully.; nuisance_grad_norm=0.000947; 1x Optimization terminated successfully.; nuisance_grad_norm=0.00173,8.061966463006684,,,,,,,,,,,,,
