variant,stage,label,algorithm,status,target,target_kind,target_value,target_std,chi2_min,error_p,error_n,upper_endpoint,lower_endpoint,upper_residual,lower_residual,upper_chi2,lower_chi2,upper_constraint_violation,lower_constraint_violation,upper_scaled_constraint_violation,lower_scaled_constraint_violation,upper_projected_grad_norm,lower_projected_grad_norm,upper_objective_grad_norm,lower_objective_grad_norm,upper_method,lower_method,upper_profile_runtime_sec,lower_profile_runtime_sec,profile_calls,profile_methods,kkt_polish_calls,n_params,n_nodes,n_nuisance,n_meas,fit_valid,hesse_accurate,fit_runtime_sec,target_runtime_sec,exception_type,exception,endpoint_search_method,endpoint_function_evals,endpoint_cache_hits,upper_function_evals,lower_function_evals,upper_cache_hits,lower_cache_hits,upper_bracket_evals,lower_bracket_evals,upper_bisect_evals,lower_bisect_evals
cache-reuse,endpoint-search-hard,B0,BRU,ok,S042.181,parameter,0.05075844032905078,0.0010520449222064495,82.90199359780131,0.0009123202059759042,0.0010520449222064451,0.051670760535026686,0.049706395406844336,-0.000782220723394289,0.0024912029841885897,83.90121137707791,83.9044848007855,5.551115123125783e-17,4.85722573273506e-17,5.2765000865965416e-14,4.616937575771974e-14,0.00017199403139625682,0.0001293957709401828,166279.178381643,146922.51263443765,SLSQP,SLSQP,0.14287469399278052,0.28144783900643233,12,SLSQP:6|projected-start+descent-check:1|trust-constr-exact-hess+KKT:5,5,25,36,3,98,True,True,3.620998545011389,6.191904774008435,,,bisection,11,0,9,2,0,0,1,1,8,1
cache-reuse,endpoint-search-hard,B0,BRU,ok,S042.390,parameter,0.014760818769016986,0.0008066861451187471,82.90199359780131,0.0007940816741012647,0.0008035350273643757,0.01555490044311825,0.01395728374165261,0.0021158119918851526,0.00012230365588550285,83.9041094097932,83.9021159014572,1.5612511283791264e-17,3.8163916471489756e-17,1.9353885495942224e-14,4.730949787896988e-14,1.571982115386747e-06,0.004948688535555456,19055.489125652104,15285.852440022772,trust-constr-exact-hess+KKT,SLSQP,0.3978645110037178,0.1219492980017094,19,SLSQP:9|SLSQP+descent-check:1|projected-start+descent-check:1|trust-constr-exact-hess+KKT:7|trust-constr-exact-hess+KKT+descent-check:1,8,25,36,3,98,True,True,3.620998545011389,7.6929504519939655,,,bisection,18,0,8,10,0,0,1,1,7,9
cache-reuse,endpoint-search-hard,B0,BRU,ok,S042.69,parameter,0.0005901331326085796,3.131724279036022e-05,82.90199359780131,3.792322369145179e-05,3.54765640984549e-05,0.0006280563563000314,0.0005546565685101247,-0.004014188814551289,-0.0003410485325332502,83.89797940898676,83.90165254926877,2.6454533008646308e-17,6.613633252161577e-18,8.447273978023791e-13,2.1118184945059478e-13,0.007829211756942825,0.0004964701930951237,620.9121282029961,486.4361128714375,SLSQP+descent-check,SLSQP,0.16701649098831695,0.13411205899319611,19,SLSQP:6|SLSQP+descent-check:11|projected-start+descent-check:1|trust-constr-exact-hess+KKT:1,1,25,36,3,98,True,True,3.620998545011389,5.528689131999272,,,bisection,18,0,9,9,0,0,1,1,8,8
cache-reuse,endpoint-search-hard,B0,BRU,ok,S042B09,node,0.014760818769016986,0.0008066861451187471,82.90199359780131,0.0007940816741012647,0.0008035350273643757,0.01555490044311825,0.01395728374165261,0.0021158119918851526,0.00012230365588550285,83.9041094097932,83.9021159014572,1.5612511283791264e-17,3.8163916471489756e-17,1.9353885495942224e-14,4.730949787896988e-14,1.571982115386747e-06,0.004948688535555456,19055.489125652104,15285.852440022772,trust-constr-exact-hess+KKT,SLSQP,0.37781734399322886,0.1304945749870967,19,SLSQP:9|SLSQP+descent-check:1|projected-start+descent-check:1|trust-constr-exact-hess+KKT:7|trust-constr-exact-hess+KKT+descent-check:1,8,25,36,3,98,True,True,3.620998545011389,7.831867234999663,,,bisection,18,0,8,10,0,0,1,1,7,9
cache-reuse,endpoint-search-hard,B0,BRU,ok,S042B31,node,6.664496100431552e-06,5.220661058754948e-07,82.90199359780131,5.220661058754948e-07,5.220661058754948e-07,7.186562206307047e-06,6.142429994556058e-06,-0.0038017839192292513,0.003766343491648172,83.89819181388208,83.90575994129296,3.37703565740817e-17,3.3771203607028955e-17,6.468597787525292e-11,6.468760033826616e-11,1.2154181583584307e-05,0.0002618642474379188,6.179996157625509,4.566364510174144,SLSQP,SLSQP,0.20036883000284433,0.1810099970025476,5,SLSQP:2|SLSQP+descent-check:2|projected-start+descent-check:1,0,25,36,3,98,True,True,3.620998545011389,1.6815915920014959,,,bisection,4,0,2,2,0,0,1,1,1,1
cache-reuse,endpoint-search-hard,B0,BRU,ok,S042B95,node,0.29080520743599103,0.015264802654805856,82.90199359780131,0.015264802654805842,0.015264802654805842,0.3060700100907969,0.2755404047811852,-0.0041375141125143955,0.0011561377639424109,83.8978560836888,83.90314973556525,2.220446049250313e-16,5.551115123125783e-17,1.4546182479150783e-14,3.636545619787696e-15,4.299781892700813e-08,4189.031327952809,66023.11581308315,74695.15672755775,trust-constr-exact-hess+KKT,trust-constr-exact-hess+KKT+descent-check,0.7592684459959855,0.485988657004782,5,projected-start+descent-check:1|trust-constr-exact-hess+KKT:2|trust-constr-exact-hess+KKT+descent-check:2,4,25,36,3,98,True,True,3.620998545011389,4.62202305199753,,,bisection,4,0,2,2,0,0,1,1,1,1
cache-reuse,endpoint-search-hard,B0,BRU,ok,nuisance_M070.1,parameter,0.05972044408402624,0.0003198024962210207,82.90199359780131,0.00031980249622101664,0.00031980249622101664,0.06004024658024726,0.059400641587805225,-1.105069263473979e-05,1.1217893913340049e-05,83.90198254710867,83.90200481569522,0.0,0.0,0.0,0.0,0.0055552117578452935,3.1150127695585014e-05,6253.765856456973,6253.955902714293,SLSQP,SLSQP,0.17720780298986938,0.18950936599867418,5,SLSQP:4|projected-start+descent-check:1,0,25,36,3,98,True,True,3.620998545011389,1.5305076929944335,,,bisection,4,0,2,2,0,0,1,1,1,1
cache-reuse,endpoint-search-hard,B0,BRU,ok,nuisance_M070.50,parameter,0.0021205178676741605,2.879042956667961e-05,82.90199359780131,2.8790429566679862e-05,2.8790429566679862e-05,0.0021493082972408404,0.0020917274381074807,-7.849328714826243e-05,7.971946897100679e-05,83.90191510451416,83.90207331727028,0.0,0.0,0.0,0.0,2.146133486678835e-06,0.12893940273548382,69459.11615825669,69476.0771936122,SLSQP,SLSQP+descent-check,0.20760011901438702,0.17323719899286516,5,SLSQP:3|SLSQP+descent-check:1|projected-start+descent-check:1,0,25,36,3,98,True,True,3.620998545011389,1.496295322998776,,,bisection,4,0,2,2,0,0,1,1,1,1
cache-reuse,endpoint-search-hard,B0,BRU,ok,nuisance_M070.54,parameter,0.005772660839904089,0.000385133713251149,82.90199359780131,0.0003851337132511493,0.0003836292846837617,0.006157794553155238,0.005389031555220327,-0.0036619535882636,-0.0011499637769958326,83.89833164421304,83.90084363402431,0.0,0.0,0.0,0.0,18.693712165377498,2.079564639915305,5179.150342097122,5224.683460559199,SLSQP+descent-check,SLSQP+descent-check,0.12988876800227445,0.11936509300721809,13,SLSQP:1|SLSQP+descent-check:11|projected-start+descent-check:1,0,25,36,3,98,True,True,3.620998545011389,2.3859924699936528,,,bisection,12,0,2,10,0,0,1,1,1,9
cache-reuse,endpoint-search-hard,B0S-BR,BRU,ok,S086.37,parameter,0.00022555326772398878,1.2404980617894127e-05,25.78548667623456,1.2647265395587386e-05,1.2162695840200885e-05,0.00023820053311957617,0.0002133905718837879,0.001151760087164888,-0.0008567282674860621,26.786638436321724,26.784629947967073,5.4752209710517974e-17,2.6617163334519134e-17,4.413727953072185e-12,2.145683589067765e-12,9.002020118577255,2.559545272702621,277.48925098661624,239.2920563080723,SLSQP+descent-check,SLSQP+descent-check,0.16111275200091768,0.17549700199742801,21,SLSQP+descent-check:18|trust-constr-exact-hess+KKT:3,3,14,12,7,27,True,True,2.3216148850042373,7.204243112006225,,,bisection,20,0,10,10,0,0,1,1,9,9
cache-reuse,endpoint-search-hard,B0S-BR,BRU,ok,S086.5,parameter,0.0029875217173795736,0.00013439063663641613,25.78548667623456,0.00013596552690949915,0.00013281574636333322,0.003123487244289073,0.0028547059710162404,0.0002051285133788383,0.000644469241482426,26.785691804747938,26.78613114547604,1.6479873021779667e-17,2.47198095326695e-17,1.2262664597954645e-13,1.839399689693197e-13,5.06212185896696e-05,5.064298829625959e-05,4461.743305617457,3900.1576372865693,trust-constr-exact-hess+KKT,trust-constr-exact-hess+KKT,0.35750594999990426,0.17642420499760192,21,SLSQP+descent-check:2|trust-constr-exact-hess+KKT:19,19,14,12,7,27,True,True,2.3216148850042373,7.4603733609983465,,,bisection,20,0,10,10,0,0,1,1,9,9
cache-reuse,endpoint-search-hard,B0S-BR,BRU,ok,S086.7,parameter,0.0009926908145392493,3.5337951327429156e-05,25.78548667623456,3.561402907217479e-05,3.50618735826837e-05,0.001028304843611424,0.0009576289409565656,-0.003985501033529459,0.00460618875094454,26.78150117520103,26.790092864985503,3.0791341698588326e-17,4.336808689942018e-18,8.713391846993752e-13,1.2272382883089793e-13,0.0001034092837038279,0.15157098914585515,1834.1394017537775,1671.9437801818742,trust-constr-exact-hess+KKT,SLSQP+descent-check,0.9873841799999354,0.9167317249957705,19,SLSQP+descent-check:11|trust-constr-exact-hess+KKT:8,8,14,12,7,27,True,True,2.3216148850042373,13.300474823001423,,,bisection,18,0,9,9,0,0,1,1,8,8
cache-reuse,endpoint-search-hard,B0S-BR,BRU,ok,S086R04,node,0.18916298179920804,0.006476582377761481,25.78548667623456,0.006501881527674613,0.006451283227848381,0.19566486332688265,0.18271169857135966,-5.245998460523538e-05,8.811091892013678e-05,26.785434216249953,26.78557478715348,4.063416270128073e-14,2.8477220581635265e-14,6.274013103084351e-12,4.396951805850098e-12,3.633324259449495e-05,7.314178147850765e-05,1906.240291678828,1802.038954343656,trust-constr-exact-hess+KKT,trust-constr-exact-hess+KKT,0.37621079800010193,0.762685067995335,21,SLSQP:1|SLSQP+descent-check:10|trust-constr-exact-hess+KKT:9|trust-constr-exact-hess+descent-check:1,9,14,12,7,27,True,True,2.3216148850042373,14.309133918999578,,,bisection,20,0,10,10,0,0,1,1,9,9
cache-reuse,endpoint-search-hard,B0S-BR,BRU,ok,S086R29,node,1.8166083598062617e-05,1.383482303929104e-06,25.78548667623456,1.399694987178275e-06,1.3672696206799345e-06,1.9565778585240892e-05,1.6798813977382683e-05,-0.0019175629053371779,0.002069971857370234,26.78356911332922,26.78755664809193,1.717782817031721e-17,2.606489785290933e-17,1.2416369997311858e-11,1.884006595450101e-11,0.6279239871413227,4.563766784446199e-05,16.948609828863123,13.163780315753593,SLSQP+descent-check,trust-constr-exact-hess+KKT,0.32501510699512437,0.3570465850061737,21,SLSQP+descent-check:8|trust-constr-exact-hess+KKT:13,13,14,12,7,27,True,True,2.3216148850042373,11.16652913299913,,,bisection,20,0,10,10,0,0,1,1,9,9
cache-reuse,endpoint-search-hard,B0S-BR,BRU,ok,S086R3,node,0.0029875217173795736,0.00013439063663641613,25.78548667623456,0.00013596552690949915,0.00013281574636333322,0.003123487244289073,0.0028547059710162404,0.0002051285133788383,0.000644469241482426,26.785691804747938,26.78613114547604,1.6479873021779667e-17,2.47198095326695e-17,1.2262664597954645e-13,1.839399689693197e-13,5.06212185896696e-05,5.064298829625959e-05,4461.743305617457,3900.1576372865693,trust-constr-exact-hess+KKT,trust-constr-exact-hess+KKT,0.33405834800214507,0.16841035499237478,21,SLSQP+descent-check:2|trust-constr-exact-hess+KKT:19,19,14,12,7,27,True,True,2.3216148850042373,7.4039267569896765,,,bisection,20,0,10,10,0,0,1,1,9,9
cache-reuse,endpoint-search-hard,B0S-BR,BRU,ok,nuisance_M004.1,parameter,0.5014600875290954,0.0048793745565099455,25.78548667623456,0.004879374556509997,0.004879374556509941,0.5063394620856054,0.4965807129725855,-0.001266916011438468,0.0014822872168736012,26.78421976022312,26.786968963451432,0.0,0.0,0.0,0.0,0.00011125989340178208,7.139472453555253,409.51117009510483,410.4166613047151,trust-constr-exact-hess+KKT,SLSQP+descent-check,0.5253614229877712,0.23188153299270198,5,SLSQP+descent-check:2|trust-constr-exact-hess+KKT:3,3,14,12,7,27,True,True,2.3216148850042373,4.053756082998007,,,bisection,4,0,2,2,0,0,1,1,1,1
cache-reuse,endpoint-search-hard,B0S-BR,BRU,ok,nuisance_M092.16,parameter,0.17754404971369495,0.022022698369139084,25.78548667623456,0.02357116934821918,0.02073230588657235,0.20111521906191412,0.1568117438271226,-0.0003738774100767728,-0.0031672196970902178,26.785112798824482,26.78231945653747,0.0,0.0,0.0,0.0,0.7245227391668259,0.9164869310592468,80.12819009824219,102.3473694423846,SLSQP+descent-check,SLSQP+descent-check,0.1297145190037554,0.13919902000634465,20,SLSQP:3|SLSQP+descent-check:17,0,14,12,7,27,True,True,2.3216148850042373,3.9142770750040654,,,bisection,19,0,9,10,0,0,1,1,8,9
cache-reuse,endpoint-search-hard,B0S-BR,BRU,ok,nuisance_S041.3,parameter,0.00101713945599657,1.8832567231745158e-05,25.78548667623456,1.8832567231745175e-05,1.8832567231745175e-05,0.0010359720232283151,0.0009983068887648248,-0.002040834312065698,0.00245782719736809,26.783445841922493,26.787944503431927,0.0,0.0,0.0,0.0,0.15539561889518635,0.00011253275551297926,106063.77426550887,106380.47823213373,SLSQP+descent-check,trust-constr-exact-hess+KKT,0.17472421600541566,2.9039693149970844,5,SLSQP:1|SLSQP+descent-check:3|trust-constr-exact-hess+KKT:1,1,14,12,7,27,True,True,2.3216148850042373,4.186029213000438,,,bisection,4,0,2,2,0,0,1,1,1,1
cache-reuse,endpoint-search-hard,K_3^*(1780),BR,ok,M060.6,parameter,0.29661633233747003,0.1369958694335377,0.01704546622691345,0.13217960839876486,0.14234727058328525,0.4287959407362349,0.15426906175418478,0.002870086467968491,-0.0033815371866243726,1.019915552694882,1.0136639290402891,1.4432899320127035e-14,1.7735812818386876e-14,1.0535280647369463e-13,1.2946239103209782e-13,2.304357573177054e-06,2.2148220928447607e-05,4.458271498804548,2.050713011688858,SLSQP,SLSQP,0.026239485989208333,0.03253584999765735,20,SLSQP:19|projected-start+descent-check:1,0,4,4,0,4,True,True,1.5694390349963214,3.057159824005794,,,bisection,19,0,10,9,0,0,1,1,9,8
cache-reuse,endpoint-search-hard,Lam-b-0,BRU,ok,S040.10,parameter,5.620626900476748e-06,1.154823936430577e-06,14.321408287472362,1.2811328044776718e-06,1.0555812543935744e-06,6.90175970495442e-06,4.565045646083174e-06,-0.0005905747504719727,0.0032626292046717964,15.32081771272189,15.324670916677034,4.212633659874537e-17,2.326206583044485e-17,3.647857934859997e-11,2.0143387313519946e-11,0.2927652656505868,0.02915921734665254,2.126612644233451,1.3519914238291832,SLSQP+descent-check,SLSQP+descent-check,0.16100368699699175,0.2010272229963448,18,SLSQP+descent-check:12|trust-constr-exact-hess+KKT:6,6,10,10,4,16,True,True,1.9845316130085848,41.05838616700203,,,bisection,17,0,8,9,0,0,1,1,7,8
cache-reuse,endpoint-search-hard,Lam-b-0,BRU,ok,S040.29,parameter,0.00031533157588346366,2.2121652321338334e-05,14.321408287472362,2.238089043447904e-05,2.1603176095056915e-05,0.0003377124663179427,0.00029372839978840674,0.0005677632143807898,-0.0049358643021690796,15.321976050686743,15.316472423170193,1.4690939437178585e-17,1.83772268236293e-17,6.640977456737192e-13,8.30734818388896e-13,0.00039688202012666356,0.5548346289312412,316.3254952464412,253.60721743171135,SLSQP,SLSQP+descent-check,7.461614562009345,0.15021429599437397,20,SLSQP:1|SLSQP+descent-check:11|trust-constr-exact-hess+KKT:8,8,10,10,4,16,True,True,1.9845316130085848,78.59367241000291,,,bisection,19,0,10,9,0,0,1,1,9,8
cache-reuse,endpoint-search-hard,Lam-b-0,BRU,ok,S040R10,node,5.620626900476748e-06,1.154823936430577e-06,14.321408287472362,1.2811328044776718e-06,1.0555812543935744e-06,6.90175970495442e-06,4.565045646083174e-06,-0.0005905747504719727,0.0032626292046717964,15.32081771272189,15.324670916677034,4.212633659874537e-17,2.326206583044485e-17,3.647857934859997e-11,2.0143387313519946e-11,0.2927652656505868,0.02915921734665254,2.126612644233451,1.3519914238291832,SLSQP+descent-check,SLSQP+descent-check,0.1649505959940143,0.19830598900443874,18,SLSQP+descent-check:12|trust-constr-exact-hess+KKT:6,6,10,10,4,16,True,True,1.9845316130085848,41.42360583199479,,,bisection,17,0,8,9,0,0,1,1,7,8
cache-reuse,endpoint-search-hard,Lam-b-0,BRU,ok,S040R29,node,0.00031533157588346366,2.2121652321338334e-05,14.321408287472362,2.238089043447904e-05,2.1603176095056915e-05,0.0003377124663179427,0.00029372839978840674,0.0005677632143807898,-0.0049358643021690796,15.321976050686743,15.316472423170193,1.4690939437178585e-17,1.83772268236293e-17,6.640977456737192e-13,8.30734818388896e-13,0.00039688202012666356,0.5548346289312412,316.3254952464412,253.60721743171135,SLSQP,SLSQP+descent-check,7.253689742996357,0.16845680300320964,20,SLSQP:1|SLSQP+descent-check:11|trust-constr-exact-hess+KKT:8,8,10,10,4,16,True,True,1.9845316130085848,78.00041140599933,,,bisection,19,0,10,9,0,0,1,1,9,8
cache-reuse,endpoint-search-hard,chi_c012 psi(2S),BR,ok,M055B1,node,2.1292315014647724e-05,1.03778182228255e-06,393.9145251307138,1.0458894927691313e-06,1.0296741517959683e-06,2.2338204507416856e-05,2.0262640862851756e-05,0.001973192836032922,0.0008972938487090687,394.91649832354983,394.9154224245625,4.1131919918668824e-18,1.1441721051511089e-17,3.963445787497144e-12,1.102517003655507e-11,0.24748085729127997,5.6070598696119085e-06,331799.7492417463,309400.44367910567,SLSQP,trust-constr-exact-hess+KKT,5.868373150995467,4.536710977990879,19,SLSQP:1|projected-start+descent-check:1|trust-constr-exact-hess+KKT:17,17,52,118,3,258,True,True,20.395742798995343,173.831325570005,,,bisection,18,0,9,9,0,0,1,1,8,8
cache-reuse,endpoint-search-hard,chi_c012 psi(2S),BR,ok,M055B10,node,1.242369315517419e-05,7.575646432764551e-07,393.9145251307138,7.575646432764554e-07,7.575646432764554e-07,1.3181257798450645e-05,1.1666128511897734e-05,-6.454296055835584e-06,6.192104592628311e-06,394.91451867641774,394.9145313228184,3.1922291340334205e-19,2.3606594209592433e-18,4.2138042771202737e-13,3.116116151816997e-12,1.3978854392664262e-06,3.6718440177580395e-06,103270.13309189325,91400.22944042292,trust-constr-exact-hess+KKT,trust-constr-exact-hess+KKT,4.441362730998662,7.1463282740005525,5,projected-start+descent-check:1|trust-constr-exact-hess+KKT:4,4,52,118,3,258,True,True,20.395742798995343,35.028104822995374,,,bisection,4,0,2,2,0,0,1,1,1,1
cache-reuse,endpoint-search-hard,chi_c012 psi(2S),BR,ok,M055B11,node,3.5720473631297055e-05,2.19769722037197e-06,393.9145251307138,2.1976972203719718e-06,2.1976972203719718e-06,3.7918170851669026e-05,3.352277641092508e-05,-0.002212230430757245,0.0021103712124954654,394.91231290028304,394.9166355019263,1.81603863891322e-18,8.74138001566438e-19,8.263370504722426e-13,3.977517892198481e-13,6.201684015717068e-06,5.802444513416935e-06,268248.39082149736,238755.82711621362,trust-constr-exact-hess+KKT,trust-constr-exact-hess+KKT,12.838287765000132,5.944483860002947,5,projected-start+descent-check:1|trust-constr-exact-hess+KKT:4,4,52,118,3,258,True,True,20.395742798995343,58.43324145999213,,,bisection,4,0,2,2,0,0,1,1,1,1
cache-reuse,endpoint-search-hard,chi_c012 psi(2S),BR,ok,M056.11,parameter,0.00022145356099718502,8.529678088187875e-06,393.9145251307138,8.562997143219845e-06,8.496359033155915e-06,0.00023001655814040487,0.0002129572019640291,-0.00155011796226745,0.0017845525656525751,394.91297501275153,394.91630968327945,1.0950441942103595e-17,1.9705374484924043e-17,1.2838048316580737e-12,2.3102131500381673e-12,0.15248113737632554,0.002510621534857461,385.73394120710026,337.5288425656373,SLSQP+descent-check,SLSQP+descent-check,0.831254981996608,0.7099170599976787,21,SLSQP+descent-check:14|projected-start+descent-check:1|trust-constr-exact-hess+KKT:6,6,52,118,3,258,True,True,20.395742798995343,142.7492742369941,,,bisection,20,0,10,10,0,0,1,1,9,9
cache-reuse,endpoint-search-hard,chi_c012 psi(2S),BR,ok,M056.6,parameter,0.014095013351982131,0.0005568019491889345,393.9145251307138,0.0005611519644169727,0.0005524519339608971,0.014656165316399104,0.013542561418021234,-0.0004999931571774141,0.0010961927598600596,394.9140251375566,394.91562132347366,5.204170427930421e-18,4.336808689942018e-17,9.34653773305046e-15,7.788781444208717e-14,0.0037789943015237664,0.0038684245099206587,23820.33694976439,21036.19182061754,SLSQP,SLSQP,19.1245029779966,0.7063449429988395,19,SLSQP:2|SLSQP+descent-check:4|projected-start+descent-check:1|trust-constr-exact-hess+KKT:12,12,52,118,3,258,True,True,20.395742798995343,303.71791580600257,,,bisection,18,0,9,9,0,0,1,1,8,8
cache-reuse,endpoint-search-hard,eta_c J/psi psi(2S),BRU,ok,M026.31,parameter,0.00016441221966372545,1.0620665023869869e-05,185.51089892931617,1.1159995669613251e-05,1.0454717132871876e-05,0.0001755722153333387,0.00015395750253085358,0.0007509779947838524,0.003408387584954653,186.51164990731095,186.51430731690112,6.388661301370835e-17,1.9895109865109006e-17,6.015311929161087e-12,1.8732452083174537e-12,0.026706275929942902,0.0011957257764975732,167.80729475847008,147.82626118287502,SLSQP+descent-check,SLSQP+descent-check,0.26524983999843244,0.2885977859987179,19,SLSQP:2|SLSQP+descent-check:17,0,21,50,2,115,True,True,5.008221477008192,7.22579181099718,,,bisection,18,0,10,8,0,0,1,1,9,7
cache-reuse,endpoint-search-hard,eta_c J/psi psi(2S),BRU,ok,M026.45,parameter,0.0011024612508969101,9.57386368450934e-05,185.51089892931617,0.0001907293155898346,0.0001869895250880731,0.0012931905664867447,0.000915471725808837,-0.0007335008226334594,0.004431627004777283,186.51016542849354,186.51533055632095,2.190088388420719e-17,1.1926223897340549e-17,2.2875700559266537e-13,1.245706466098673e-13,0.05255960845974403,0.01996093809882301,538.4115684762727,284.6760843058337,SLSQP+descent-check,SLSQP+descent-check,0.23965201000100933,0.25381205399753526,18,SLSQP+descent-check:18,0,21,50,2,115,True,True,5.008221477008192,6.26805103199149,,,bisection,17,0,9,8,0,0,1,1,8,7
cache-reuse,endpoint-search-hard,eta_c J/psi psi(2S),BRU,ok,M026G01,node,6.728685663970308e-06,4.846991932175363e-07,185.51089892931617,4.960593305585723e-07,4.790191245470176e-07,7.224744994528881e-06,6.249666539423291e-06,0.004755053755246763,-0.002182641201301294,186.51565398307142,186.50871628811487,1.0368418081822165e-19,1.3348847744077698e-19,2.1391449020152895e-13,2.7540478570771303e-13,2.1983928499179206,5.208706089990597e-07,1287.3772153282214,1064.4589635899292,SLSQP+descent-check,SLSQP,0.7779759419936454,0.28408564800338354,20,SLSQP:5|SLSQP+descent-check:15,0,21,50,2,115,True,True,5.008221477008192,8.414805678999983,,,bisection,19,0,9,10,0,0,1,1,8,9
cache-reuse,endpoint-search-hard,eta_c J/psi psi(2S),BRU,ok,M026G03,node,1.339674883770437e-05,2.0846538175854575e-06,185.51089892931617,2.100940175535347e-06,2.0765106386105144e-06,1.5497689013239717e-05,1.1320238199093855e-05,0.00490332908259461,0.001127303698524429,186.51580225839876,186.5120262330147,1.354607831098804e-18,1.2895036493159956e-17,6.497998946740104e-13,6.185696821401063e-12,0.0005496725358452127,7.261634714592115,1428.3891645931942,782.26535774676,SLSQP,SLSQP+descent-check,0.29542587100877427,0.29283204799867235,20,SLSQP:5|SLSQP+descent-check:15,0,21,50,2,115,True,True,5.008221477008192,6.8626617770059966,,,bisection,19,0,9,10,0,0,1,1,8,9
cache-reuse,endpoint-search-hard,eta_c J/psi psi(2S),BRU,ok,M026G07,node,9.239218621239836e-06,7.969901891664342e-07,185.51089892931617,7.969901891664335e-07,7.969901891664335e-07,1.003620881040627e-05,8.442228432073402e-06,-0.004394001370201295,0.004232607892561191,186.50650492794597,186.51513153720873,4.368151986707929e-18,2.1071700170027376e-18,5.480810235915883e-12,2.643909605972202e-12,1.3724812220599203,2.9664003168258577,1576.315385650125,1136.1364386823552,SLSQP+descent-check,SLSQP+descent-check,0.37133745101164095,0.3777407299930928,5,SLSQP+descent-check:5,0,21,50,2,115,True,True,5.008221477008192,2.693219205000787,,,bisection,4,0,2,2,0,0,1,1,1,1
cache-reuse,endpoint-search-hard,eta_c J/psi psi(2S),BRU,ok,M026W,parameter,30.472281478090622,0.43466298880266047,185.51089892931617,0.4346629888026605,0.4346629888026605,30.906944466893282,30.03761848928796,-0.0009350525845945867,0.0007079364693538537,186.50996387673158,186.51160686578552,0.0,0.0,0.0,0.0,2.2461683309163134,82.96650117782693,5.117115132987617,83.09423341478957,SLSQP+descent-check,SLSQP+descent-check,0.38935386600496713,0.36928987099963706,5,SLSQP+descent-check:5,0,21,50,2,115,True,True,5.008221477008192,2.7749393599951873,,,bisection,4,0,2,2,0,0,1,1,1,1
cache-reuse,endpoint-search-hard,eta_c J/psi psi(2S),BRU,ok,nuisance_M071.13,parameter,0.3466230102159484,0.003399437275136919,185.51089892931617,0.0033994372751369184,0.0033994372751369184,0.3500224474910853,0.34322357294081146,-4.8116934578956716e-05,-1.1603098670320833e-05,186.5108508123816,186.5108873262175,0.0,0.0,0.0,0.0,3.3603089399484296,1.3517777453813662,588.3244912354967,588.3502430029619,SLSQP+descent-check,SLSQP+descent-check,0.3397914630040759,0.3781629300065106,5,SLSQP+descent-check:5,0,21,50,2,115,True,True,5.008221477008192,2.7399710489989957,,,bisection,4,0,2,2,0,0,1,1,1,1
cache-reuse,endpoint-search-hard,eta_c J/psi psi(2S),BRU,ok,nuisance_M071.254,parameter,0.000740164331756676,5.001674347605574e-05,185.51089892931617,4.9821365571852435e-05,5.0212121380259034e-05,0.0007899856973285285,0.000689952210376417,-0.0005998818510590809,0.0018859002492774835,186.5102990474651,186.51278482956545,0.0,0.0,0.0,0.0,12.791906783617387,2.002753748016898,39988.55820773032,40038.22246538269,SLSQP+descent-check,trust-constr-exact-hess+descent-check,0.6067132689931896,0.25409052599570714,21,SLSQP+descent-check:7|trust-constr-exact-hess+KKT+descent-check:9|trust-constr-exact-hess+descent-check:5,9,21,50,2,115,True,True,5.008221477008192,16.036934014991857,,,bisection,20,0,10,10,0,0,1,1,9,9
cache-reuse,endpoint-search-hard,eta_c(2S),BRU,ok,M059.4,parameter,0.01899828137652683,0.011921287074888197,2.5878422220963664,0.011735016964343068,0.011688449436706789,0.030733298340869897,0.007309831939820041,0.0048926055433677895,-0.0024815600085261735,3.592734827639734,3.58536066208784,1.0408340855860843e-17,2.862293735361732e-17,8.730886850116774e-16,2.400993883782113e-15,1.345314363827773e-10,1.7995316057770745e-05,5066.963935822461,286.43008376694024,trust-constr-exact-hess+KKT,SLSQP,0.10081620400887914,0.07454068599327002,19,SLSQP:8|SLSQP+descent-check:1|projected-start+descent-check:1|trust-constr-exact-hess:2|trust-constr-exact-hess+KKT:7,7,3,4,0,5,True,True,1.8924976249982137,4.40456485300092,,,bisection,18,0,8,10,0,0,2,2,6,8
