variant,stage,label,algorithm,status,target,target_kind,target_value,target_std,chi2_min,error_p,error_n,upper_endpoint,lower_endpoint,upper_residual,lower_residual,upper_chi2,lower_chi2,upper_constraint_violation,lower_constraint_violation,upper_scaled_constraint_violation,lower_scaled_constraint_violation,upper_projected_grad_norm,lower_projected_grad_norm,upper_objective_grad_norm,lower_objective_grad_norm,upper_method,lower_method,upper_profile_runtime_sec,lower_profile_runtime_sec,profile_calls,profile_methods,kkt_polish_calls,n_params,n_nodes,n_nuisance,n_meas,fit_valid,hesse_accurate,fit_runtime_sec,target_runtime_sec,exception_type,exception
minimal,focused-ablation,B0,BRU,ok,S042.390,parameter,0.014760818769016986,0.0008066861451187471,82.90199359780131,0.0007940816741012647,0.0008035350273643757,0.01555490044311825,0.01395728374165261,0.0021158119918851526,0.00012230365588550285,83.9041094097932,83.9021159014572,1.5612511283791264e-17,3.8163916471489756e-17,1.9353885495942224e-14,4.730949787896988e-14,1.571982115386747e-06,0.004948688535555456,19055.489125652104,15285.852440022772,trust-constr-exact-hess+KKT,SLSQP,0.37708954299159814,0.12088954901264515,21,SLSQP:9|SLSQP+descent-check:1|projected-start:2|projected-start+descent-check:1|trust-constr-exact-hess+KKT:7|trust-constr-exact-hess+KKT+descent-check:1,8,25,36,3,98,True,True,3.583013864001259,9.2943998589908,,
minimal,focused-ablation,B0,BRU,ok,S042B09,node,0.014760818769016986,0.0008066861451187471,82.90199359780131,0.0007940816741012647,0.0008035350273643757,0.01555490044311825,0.01395728374165261,0.0021158119918851526,0.00012230365588550285,83.9041094097932,83.9021159014572,1.5612511283791264e-17,3.8163916471489756e-17,1.9353885495942224e-14,4.730949787896988e-14,1.571982115386747e-06,0.004948688535555456,19055.489125652104,15285.852440022772,trust-constr-exact-hess+KKT,SLSQP,0.4049129970080685,0.12123707300634123,21,SLSQP:9|SLSQP+descent-check:1|projected-start:2|projected-start+descent-check:1|trust-constr-exact-hess+KKT:7|trust-constr-exact-hess+KKT+descent-check:1,8,25,36,3,98,True,True,3.583013864001259,8.27300085600291,,
minimal,focused-ablation,B0,BRU,ok,S042B95,node,0.29080520743599103,0.015264802654805856,82.90199359780131,0.015264802654805842,0.015264802654805842,0.3060700100907969,0.2755404047811852,-0.0041375141125143955,0.0011561377639424109,83.8978560836888,83.90314973556525,2.220446049250313e-16,5.551115123125783e-17,1.4546182479150783e-14,3.636545619787696e-15,4.299781892700813e-08,4189.031327952809,66023.11581308315,74695.15672755775,trust-constr-exact-hess+KKT,trust-constr-exact-hess+KKT+descent-check,0.7954600210068747,0.4734515060117701,7,projected-start:1|projected-start+descent-check:2|trust-constr-exact-hess+KKT:2|trust-constr-exact-hess+KKT+descent-check:2,4,25,36,3,98,True,True,3.583013864001259,5.702611838001758,,
minimal,focused-ablation,B0S-BR,BRU,ok,S086R04,node,0.18916298179920804,0.006476582377761481,25.78548667623456,0.006501881527674613,0.006451283227848381,0.19566486332688265,0.18271169857135966,-5.245998460523538e-05,8.811091892013678e-05,26.785434216249953,26.78557478715348,4.063416270128073e-14,2.8477220581635265e-14,6.274013103084351e-12,4.396951805850098e-12,3.633324259449495e-05,7.314178147850765e-05,1906.240291678828,1802.038954343656,trust-constr-exact-hess+KKT,trust-constr-exact-hess+KKT,0.3614748999971198,0.7455005560041172,23,SLSQP:1|SLSQP+descent-check:10|projected-start:2|trust-constr-exact-hess+KKT:9|trust-constr-exact-hess+descent-check:1,9,14,12,7,27,True,True,2.231355841999175,16.373569775998476,,
minimal,focused-ablation,K_3^*(1780),BR,ok,M060.6,parameter,0.29661633233747003,0.1369958694335377,0.01704546622691345,0.13217960839876486,0.14234727058328525,0.4287959407362349,0.15426906175418478,0.002870086467968491,-0.0033815371866243726,1.019915552694882,1.0136639290402891,1.4432899320127035e-14,1.7735812818386876e-14,1.0535280647369463e-13,1.2946239103209782e-13,2.304357573177054e-06,2.2148220928447607e-05,4.458271498804548,2.050713011688858,SLSQP,SLSQP,0.023342985005001538,0.021377626995672472,22,SLSQP:19|projected-start:2|projected-start+descent-check:1,0,4,4,0,4,True,True,1.5396568419964751,2.8979322030063486,,
minimal,focused-ablation,Lam-b-0,BRU,ok,S040.10,parameter,5.620626900476748e-06,1.154823936430577e-06,14.321408287472362,1.2811328044776718e-06,1.0555812543935744e-06,6.90175970495442e-06,4.565045646083174e-06,-0.0005905747504719727,0.0032626292046717964,15.32081771272189,15.324670916677034,4.212633659874537e-17,2.326206583044485e-17,3.647857934859997e-11,2.0143387313519946e-11,0.2927652656505868,0.02915921734665254,2.126612644233451,1.3519914238291832,SLSQP+descent-check,SLSQP+descent-check,0.16907597100362182,0.2001855720009189,20,SLSQP+descent-check:12|projected-start+descent-check:2|trust-constr-exact-hess+KKT:6,6,10,10,4,16,True,True,1.9567215560091427,43.725194036000175,,
minimal,focused-ablation,Lam-b-0,BRU,ok,S040.29,parameter,0.00031533157588346366,2.2121652321338334e-05,14.321408287472362,2.238089043447904e-05,2.1603176095056915e-05,0.0003377124663179427,0.00029372839978840674,0.0005677632143807898,-0.0049358643021690796,15.321976050686743,15.316472423170193,1.4690939437178585e-17,1.83772268236293e-17,6.640977456737192e-13,8.30734818388896e-13,0.00039688202012666356,0.5548346289312412,316.3254952464412,253.60721743171135,SLSQP,SLSQP+descent-check,8.023856767002144,0.1617298130004201,22,SLSQP:1|SLSQP+descent-check:11|projected-start:1|projected-start+descent-check:1|trust-constr-exact-hess+KKT:8,8,10,10,4,16,True,True,1.9567215560091427,87.8998604429944,,
minimal,focused-ablation,Lam-b-0,BRU,ok,S040.9,parameter,4.637502482018266e-06,9.253174578624001e-07,14.321408287472362,1.0265240548161006e-06,8.457979888273499e-07,5.6640265368343664e-06,3.791704493190916e-06,0.003073669577727145,-0.0030457545165614164,15.32448195705009,15.3183625329558,7.722399380117456e-18,2.1510401695522957e-17,8.345675653799045e-12,2.324651017091442e-11,0.982789913714543,0.0008478014412427307,2.032217912738613,1.1522235145887658,SLSQP+descent-check,SLSQP,0.1474052019912051,0.12104330198781099,20,SLSQP:1|SLSQP+descent-check:14|projected-start:1|projected-start+descent-check:1|trust-constr-exact-hess+KKT:3,3,10,10,4,16,True,True,1.9567215560091427,8.02613819600083,,
minimal,focused-ablation,Lam-b-0,BRU,ok,S040R29,node,0.00031533157588346366,2.2121652321338334e-05,14.321408287472362,2.238089043447904e-05,2.1603176095056915e-05,0.0003377124663179427,0.00029372839978840674,0.0005677632143807898,-0.0049358643021690796,15.321976050686743,15.316472423170193,1.4690939437178585e-17,1.83772268236293e-17,6.640977456737192e-13,8.30734818388896e-13,0.00039688202012666356,0.5548346289312412,316.3254952464412,253.60721743171135,SLSQP,SLSQP+descent-check,7.858390911002061,0.15111282998987008,22,SLSQP:1|SLSQP+descent-check:11|projected-start:1|projected-start+descent-check:1|trust-constr-exact-hess+KKT:8,8,10,10,4,16,True,True,1.9567215560091427,87.79425574000925,,
minimal,focused-ablation,Lam-b-0,BRU,ok,S040R9,node,4.637502482018266e-06,9.253174578624001e-07,14.321408287472362,1.0265240548161006e-06,8.457979888273499e-07,5.6640265368343664e-06,3.791704493190916e-06,0.003073669577727145,-0.0030457545165614164,15.32448195705009,15.3183625329558,7.722399380117456e-18,2.1510401695522957e-17,8.345675653799045e-12,2.324651017091442e-11,0.982789913714543,0.0008478014412427307,2.032217912738613,1.1522235145887658,SLSQP+descent-check,SLSQP,0.1846025529957842,0.12579409799946006,20,SLSQP:1|SLSQP+descent-check:14|projected-start:1|projected-start+descent-check:1|trust-constr-exact-hess+KKT:3,3,10,10,4,16,True,True,1.9567215560091427,8.299907601001905,,
minimal,focused-ablation,Lam-b-0,BRU,ok,nuisance_S042.30,parameter,0.0025421032117043103,7.824088152895593e-05,14.321408287472362,7.824088152895599e-05,7.824088152895599e-05,0.0026203440932332663,0.0024638623301753543,-0.0027537043236538494,0.0031452117311641103,15.318654583148708,15.324553499203526,0.0,0.0,0.0,0.0,0.035162614434697446,0.22781974781246792,25518.353617358698,25616.586080310964,SLSQP+descent-check,SLSQP+descent-check,0.12067482199927326,0.1361864429927664,7,SLSQP:1|SLSQP+descent-check:4|projected-start+descent-check:2,0,10,10,4,16,True,True,1.9567215560091427,1.3592738610022934,,
minimal,focused-ablation,Upsilon(2S),BRU,ok,M052.4,parameter,0.17852073259955137,0.0026295456956097907,11.781224566989838,0.002629545695609803,0.002629545695609803,0.18115027829516117,0.17589118690394157,-0.0005118653679581087,0.0005491681826157446,12.78071270162188,12.781773735172454,5.551115123125783e-17,2.7755575615628914e-17,2.111054823041773e-14,1.0555274115208864e-14,0.0011102734613834648,0.0013327253027560653,702490.2808755989,667545.4768178588,SLSQP,SLSQP,0.022888302002684213,0.023873090991401114,7,SLSQP:4|projected-start:3,0,3,3,1,14,True,True,1.6756236979999812,1.433302923993324,,
minimal,focused-ablation,Upsilon(2S),BRU,ok,M052.6,parameter,0.00029331617675005975,2.2276013347679998e-05,11.781224566989838,2.2276013347680005e-05,2.2101981993401265e-05,0.00031559219009773975,0.0002712141947566585,-0.0010947888858883204,0.0017921868618397951,12.78012977810395,12.783016753851678,2.1575623232461538e-17,5.2583805365546965e-17,9.685585520044859e-13,2.3605572749858073e-12,0.02927631801014172,0.5869318407246571,280.45976341000386,207.50365402814361,SLSQP+descent-check,SLSQP+descent-check,0.16872119400068186,0.06379938799364027,14,SLSQP+descent-check:10|projected-start+descent-check:3|trust-constr-exact-hess+KKT:1,1,3,3,1,14,True,True,1.6756236979999812,2.4338617920002434,,
minimal,focused-ablation,Upsilon(2S),BRU,ok,M052R22,node,0.0016430370438150267,0.00012531789868558751,11.781224566989838,0.00012531789868558754,0.00012433885260210642,0.0017683549425006142,0.0015186981912129202,-0.001826510380006141,0.002274487027873917,12.779398056609832,12.783499054017712,7.32920668600201e-17,2.181197930606338e-15,5.848491526649675e-13,1.7405318422061857e-11,0.000733970244882403,0.0005898805531968057,141764.70029740088,122586.75754699575,SLSQP,SLSQP,0.03296275400498416,0.0360775220033247,14,SLSQP:11|projected-start:2|projected-start+descent-check:1,0,3,3,1,14,True,True,1.6756236979999812,1.0678325740009313,,
minimal,focused-ablation,Upsilon(2S),BRU,ok,M052R4,node,0.17852073259955137,0.0026295456956097907,11.781224566989838,0.002629545695609803,0.002629545695609803,0.18115027829516117,0.17589118690394157,-0.0005118653679581087,0.0005491681826157446,12.78071270162188,12.781773735172454,5.551115123125783e-17,2.7755575615628914e-17,2.111054823041773e-14,1.0555274115208864e-14,0.0011102734613834648,0.0013327253027560653,702490.2808755989,667545.4768178588,SLSQP,SLSQP,0.022758306993637234,0.024122788992826827,7,SLSQP:4|projected-start:3,0,3,3,1,14,True,True,1.6756236979999812,0.6489171819994226,,
minimal,focused-ablation,Upsilon(2S),BRU,ok,M052R6,node,0.00029331617675005975,2.2276013347679998e-05,11.781224566989838,2.2276013347680005e-05,2.2101981993401265e-05,0.00031559219009773975,0.0002712141947566585,-0.0010947888858883204,0.0017921868618397951,12.78012977810395,12.783016753851678,2.1575623232461538e-17,5.2583805365546965e-17,9.685585520044859e-13,2.3605572749858073e-12,0.02927631801014172,0.5869318407246571,280.45976341000386,207.50365402814361,SLSQP+descent-check,SLSQP+descent-check,0.1856873340002494,0.05973046799772419,14,SLSQP+descent-check:10|projected-start+descent-check:3|trust-constr-exact-hess+KKT:1,1,3,3,1,14,True,True,1.6756236979999812,2.447056392004015,,
minimal,focused-ablation,Upsilon(2S),BRU,ok,nuisance_M048.8,parameter,0.10209900668799389,0.005022898579864835,11.781224566989838,0.005022898579864835,0.005022898579864835,0.10712190526785872,0.09707610810812906,-0.003450196954705831,0.003344244671728447,12.777774370035132,12.784568811661567,0.0,0.0,0.0,0.0,2.314506505628638e-08,7.136701463191694e-08,396.103093745988,400.1576404692484,trust-constr-exact-hess+KKT,trust-constr-exact-hess+KKT,0.7425793549919035,0.13096754599246196,7,SLSQP+descent-check:1|projected-start:2|projected-start+descent-check:1|trust-constr-exact-hess+KKT:3,3,3,3,1,14,True,True,1.6756236979999812,1.7600654439884238,,
minimal,focused-ablation,eta_c J/psi psi(2S),BRU,ok,M026.31,parameter,0.00016441221966372545,1.0620665023869869e-05,185.51089892931617,1.1159995669613251e-05,1.0454717132871876e-05,0.0001755722153333387,0.00015395750253085358,0.0007509779947838524,0.003408387584954653,186.51164990731095,186.51430731690112,6.388661301370835e-17,1.9895109865109006e-17,6.015311929161087e-12,1.8732452083174537e-12,0.026706275929942902,0.0011957257764975732,167.80729475847008,147.82626118287502,SLSQP+descent-check,SLSQP+descent-check,0.28028935700422153,0.2452618759998586,21,SLSQP:2|SLSQP+descent-check:17|projected-start+descent-check:2,0,21,50,2,115,True,True,5.185635735004325,7.484202619001735,,
minimal,focused-ablation,eta_c J/psi psi(2S),BRU,ok,M026.45,parameter,0.0011024612508969101,9.57386368450934e-05,185.51089892931617,0.0001907293155898346,0.0001869895250880731,0.0012931905664867447,0.000915471725808837,-0.0007335008226334594,0.004431627004777283,186.51016542849354,186.51533055632095,2.190088388420719e-17,1.1926223897340549e-17,2.2875700559266537e-13,1.245706466098673e-13,0.05255960845974403,0.01996093809882301,538.4115684762727,284.6760843058337,SLSQP+descent-check,SLSQP+descent-check,0.2887285569886444,0.2585876720113447,20,SLSQP+descent-check:18|projected-start+descent-check:2,0,21,50,2,115,True,True,5.185635735004325,6.0584635059931315,,
minimal,focused-ablation,eta_c J/psi psi(2S),BRU,ok,M026G01,node,6.728685663970308e-06,4.846991932175363e-07,185.51089892931617,4.960593305585723e-07,4.790191245470176e-07,7.224744994528881e-06,6.249666539423291e-06,0.004755053755246763,-0.002182641201301294,186.51565398307142,186.50871628811487,1.0368418081822165e-19,1.3348847744077698e-19,2.1391449020152895e-13,2.7540478570771303e-13,2.1983928499179206,5.208706089990597e-07,1287.3772153282214,1064.4589635899292,SLSQP+descent-check,SLSQP,0.7152696609991835,0.2439415279950481,22,SLSQP:5|SLSQP+descent-check:15|projected-start:1|projected-start+descent-check:1,0,21,50,2,115,True,True,5.185635735004325,8.863088161000633,,
minimal,focused-ablation,eta_c J/psi psi(2S),BRU,ok,M026G03,node,1.339674883770437e-05,2.0846538175854575e-06,185.51089892931617,2.100940175535347e-06,2.0765106386105144e-06,1.5497689013239717e-05,1.1320238199093855e-05,0.00490332908259461,0.001127303698524429,186.51580225839876,186.5120262330147,1.354607831098804e-18,1.2895036493159956e-17,6.497998946740104e-13,6.185696821401063e-12,0.0005496725358452127,7.261634714592115,1428.3891645931942,782.26535774676,SLSQP,SLSQP+descent-check,0.23404722999839578,0.2642324470070889,22,SLSQP:5|SLSQP+descent-check:15|projected-start:1|projected-start+descent-check:1,0,21,50,2,115,True,True,5.185635735004325,6.7970978369994555,,
minimal,focused-ablation,eta_c J/psi psi(2S),BRU,ok,M026G07,node,9.239218621239836e-06,7.969901891664342e-07,185.51089892931617,7.969901891664335e-07,7.969901891664335e-07,1.003620881040627e-05,8.442228432073402e-06,-0.004394001370201295,0.004232607892561191,186.50650492794597,186.51513153720873,4.368151986707929e-18,2.1071700170027376e-18,5.480810235915883e-12,2.643909605972202e-12,1.3724812220599203,2.9664003168258577,1576.315385650125,1136.1364386823552,SLSQP+descent-check,SLSQP+descent-check,0.36567503499099985,0.40494155600026716,7,SLSQP+descent-check:5|projected-start+descent-check:2,0,21,50,2,115,True,True,5.185635735004325,3.4956915140064666,,
minimal,focused-ablation,eta_c J/psi psi(2S),BRU,ok,M026W,parameter,30.472281478090622,0.43466298880266047,185.51089892931617,0.4346629888026605,0.4346629888026605,30.906944466893282,30.03761848928796,-0.0009350525845945867,0.0007067269011997723,186.50996387673158,186.51160565621737,0.0,0.0,0.0,0.0,2.2461683309163134,82.96650117782693,5.117115132987617,83.09423341478957,SLSQP+descent-check,SLSQP+descent-check,0.39571564499055967,0.35283792301197536,7,SLSQP+descent-check:6|projected-start+descent-check:1,0,21,50,2,115,True,True,5.185635735004325,3.3668141100060893,,
minimal,focused-ablation,eta_c J/psi psi(2S),BRU,ok,nuisance_M071.13,parameter,0.3466230102159484,0.003399437275136919,185.51089892931617,0.0033994372751369184,0.0033994372751369184,0.3500224474910853,0.34322357294081146,-4.8116934578956716e-05,-1.1603098670320833e-05,186.5108508123816,186.5108873262175,0.0,0.0,0.0,0.0,3.3603089399484296,1.3517777453813662,588.3244912354967,588.3502430029619,SLSQP+descent-check,SLSQP+descent-check,0.30346653699234594,0.30108494200976565,7,SLSQP+descent-check:5|projected-start+descent-check:2,0,21,50,2,115,True,True,5.185635735004325,2.9868407150061103,,
minimal,focused-ablation,eta_c J/psi psi(2S),BRU,ok,nuisance_M071.254,parameter,0.000740164331756676,5.001674347605574e-05,185.51089892931617,4.9821365571852435e-05,5.0212121380259034e-05,0.0007899856973285285,0.000689952210376417,-0.0005998818510590809,0.0018846666598619777,186.5102990474651,186.51278359597603,0.0,0.0,0.0,0.0,12.791906783617387,2.002753748016898,39988.55820773032,40038.22246538269,SLSQP+descent-check,trust-constr-exact-hess+descent-check,0.5089772200008156,0.26542719299322926,23,SLSQP+descent-check:8|projected-start+descent-check:1|trust-constr-exact-hess+KKT+descent-check:9|trust-constr-exact-hess+descent-check:5,9,21,50,2,115,True,True,5.185635735004325,16.66169566300232,,
minimal,focused-ablation,eta_c(2S),BRU,ok,M059.4,parameter,0.01899828137652683,0.011921287074888197,2.5878422220963664,0.011735016964343068,0.011688449436706789,0.030733298340869897,0.007309831939820041,0.0048926055433677895,-0.0024815600085261735,3.592734827639734,3.58536066208784,1.0408340855860843e-17,2.862293735361732e-17,8.730886850116774e-16,2.400993883782113e-15,1.345314363827773e-10,1.7995316057770745e-05,5066.963935822461,286.43008376694024,trust-constr-exact-hess+KKT,SLSQP,0.08864715699746739,0.06149256600474473,21,SLSQP:8|SLSQP+descent-check:1|projected-start:2|projected-start+descent-check:1|trust-constr-exact-hess:2|trust-constr-exact-hess+KKT:7,7,3,4,0,5,True,True,1.8362138499942375,4.195436848996906,,
