node,status,raw_n_meas,post_n_meas,n_params,n_nuisance,has_adjust,runtime_sec,upper_residual,lower_residual,fresh_upper_residual,fresh_lower_residual,profile_calls,profile_methods,exception_type,exception
M002W,ok,3,3,1,0,False,2.2284096049988875,-0.00031976243996645337,-0.004999656283968035,-0.00031976243996645337,-0.004999656283968035,27,,,
M026R08,ok,2,4,3,2,True,5.039346145989839,0.0012911859348374577,0.001722247423365797,0.0012911859348374577,0.0017222474233666851,22,,,
M056R50,ok,2,3,2,1,True,2.8371266449976247,-0.004998518325743939,-0.0029390653261975874,-0.004998518325743939,-0.0029390653261971433,27,,,
M057B18,ok,2,2,1,0,False,1.2338211750029586,-0.004998958179912805,-0.00239034660561277,-0.004998958179912805,-0.00239034660561277,25,,,
M070R84,ok,6,10,5,4,True,12.283468884998001,-0.00328567038998262,-0.000835307718113576,-0.00328567038998262,-0.0008353077181126878,30,,,
S032B94,ok,3,3,1,0,False,0.34688286000164226,-0.004994120467022967,0.00268065717934185,-0.004994120467022967,0.00268065717934185,30,,,
S041B46,ok,4,8,5,4,True,10.341682326004957,0.00412503042287482,-9.104139276683298e-06,0.0041250304228763746,-9.104139276683298e-06,26,,,
S042CKS,ok,2,2,1,0,False,0.4138210390083259,-0.004998656029211457,-0.0026272699875944383,-0.004998656029211457,-0.0026272699875944383,24,,,
S042R2,ok,8,11,4,3,True,10.380379359005019,0.0008376718558880114,0.0011568959526941924,0.0008376718558924523,0.0011568959526950806,34,,,
S051R05,ok,2,6,5,4,True,10.199433108005906,0.004461619596841215,-0.0022050215890141445,0.004461619596841215,-0.0022050215890141445,27,,,
S051R06,ok,2,6,5,4,True,9.97561383600987,6.168604284706447e-06,0.004008364704979561,6.168604284706447e-06,0.004008364704979561,27,,,
S086R46,ok,2,6,5,4,True,7.942134120996343,-0.004236434559477198,0.0007579883956578826,-0.004236434559476532,0.0007579883956581046,23,,,
