stage,label,algorithm,status,target,target_kind,target_value,target_std,chi2_min,error_p,error_n,upper_endpoint,lower_endpoint,upper_residual,lower_residual,upper_chi2,lower_chi2,upper_constraint_violation,lower_constraint_violation,upper_scaled_constraint_violation,lower_scaled_constraint_violation,upper_projected_grad_norm,lower_projected_grad_norm,upper_objective_grad_norm,lower_objective_grad_norm,upper_method,lower_method,upper_profile_runtime_sec,lower_profile_runtime_sec,profile_calls,profile_methods,kkt_polish_calls,n_params,n_nodes,n_nuisance,n_meas,fit_valid,hesse_accurate,fit_runtime_sec,target_runtime_sec,exception_type,exception
focused-final,K_3^*(1780),BR,ok,M060.6,parameter,0.29661633233747003,0.1369958694335377,0.01704546622691345,0.13217960839876486,0.14234727058328525,0.4287959407362349,0.15426906175418478,0.002870086467968491,-0.0033815371866243726,1.019915552694882,1.0136639290402891,1.4432899320127035e-14,1.7735812818386876e-14,1.0535280647369463e-13,1.2946239103209782e-13,2.304357573177054e-06,2.2148220928447607e-05,4.458271498804548,2.050713011688858,SLSQP,SLSQP,0.02376900499803014,0.022492944000987336,22,SLSQP:19|projected-start:2|projected-start+descent-check:1,0,4,4,0,4,True,True,1.7788231769955019,3.020974141996703,,
focused-final,B0S-BR,BRU,ok,S086R04,node,0.18916298179920804,0.006476582377761481,25.78548667623456,0.006501881527674613,0.006451283227848381,0.19566486332688265,0.18271169857135966,-5.245998460523538e-05,8.811091892013678e-05,26.785434216249953,26.78557478715348,4.063416270128073e-14,2.8477220581635265e-14,6.274013103084351e-12,4.396951805850098e-12,3.633324259449495e-05,7.314178147850765e-05,1906.240291678828,1802.038954343656,trust-constr-exact-hess+KKT,trust-constr-exact-hess+KKT,0.3629336590092862,0.7142481010087067,23,SLSQP:1|SLSQP+descent-check:10|projected-start:2|trust-constr-exact-hess+KKT:9|trust-constr-exact-hess+descent-check:1,9,14,12,7,27,True,True,2.282309227011865,15.706878024997422,,
focused-final,eta_c J/psi psi(2S),BRU,ok,M026G01,node,6.728685663970308e-06,4.846991932175363e-07,185.51089892931617,4.960593305585723e-07,4.790191245470176e-07,7.224744994528881e-06,6.249666539423291e-06,0.004755053755246763,-0.002182641201301294,186.51565398307142,186.50871628811487,1.0368418081822165e-19,1.3348847744077698e-19,2.1391449020152895e-13,2.7540478570771303e-13,2.1983928499179206,5.208706089990597e-07,1287.3772153282214,1064.4589635899292,SLSQP+descent-check,SLSQP,0.7209966860100394,0.24330790599924512,22,SLSQP:5|SLSQP+descent-check:15|projected-start:1|projected-start+descent-check:1,0,21,50,2,115,True,True,4.849163867998868,9.726551663989085,,
focused-final,eta_c J/psi psi(2S),BRU,ok,M026W,parameter,30.472281478090622,0.43466298880266047,185.51089892931617,0.4346629888026605,0.4346629888026605,30.906944466893282,30.03761848928796,-0.0009350525845945867,0.0007067269011997723,186.50996387673158,186.51160565621737,0.0,0.0,0.0,0.0,2.2461683309163134,82.96650117782693,5.117115132987617,83.09423341478957,SLSQP+descent-check,SLSQP+descent-check,0.356492539998726,0.3732589290011674,7,SLSQP+descent-check:6|projected-start+descent-check:1,0,21,50,2,115,True,True,4.849163867998868,3.230926812000689,,
focused-final,eta_c J/psi psi(2S),BRU,ok,nuisance_M071.13,parameter,0.3466230102159484,0.003399437275136919,185.51089892931617,0.0033994372751369184,0.0033994372751369184,0.3500224474910853,0.34322357294081146,-4.8116934578956716e-05,-1.1603098670320833e-05,186.5108508123816,186.5108873262175,0.0,0.0,0.0,0.0,3.3603089399484296,1.3517777453813662,588.3244912354967,588.3502430029619,SLSQP+descent-check,SLSQP+descent-check,0.2868121479987167,0.3409293080039788,7,SLSQP+descent-check:5|projected-start+descent-check:2,0,21,50,2,115,True,True,4.849163867998868,2.9629785300057847,,
focused-final,eta_c J/psi psi(2S),BRU,ok,nuisance_M071.254,parameter,0.000740164331756676,5.001674347605574e-05,185.51089892931617,4.9821365571852435e-05,5.0212121380259034e-05,0.0007899856973285285,0.000689952210376417,-0.0005998818510590809,0.0018846666598619777,186.5102990474651,186.51278359597603,0.0,0.0,0.0,0.0,12.791906783617387,2.002753748016898,39988.55820773032,40038.22246538269,SLSQP+descent-check,trust-constr-exact-hess+descent-check,0.5659326370077906,0.3016878890048247,23,SLSQP+descent-check:8|projected-start+descent-check:1|trust-constr-exact-hess+KKT+descent-check:9|trust-constr-exact-hess+descent-check:5,9,21,50,2,115,True,True,4.849163867998868,17.986166111004422,,
focused-final,B0,BRU,ok,S042B09,node,0.014760818769016986,0.0008066861451187471,82.90199359780131,0.0007940816741012647,0.0008035350273643757,0.01555490044311825,0.01395728374165261,0.0021158119918851526,0.00012230365588550285,83.9041094097932,83.9021159014572,1.5612511283791264e-17,3.8163916471489756e-17,1.9353885495942224e-14,4.730949787896988e-14,1.571982115386747e-06,0.004948688535555456,19055.489125652104,15285.852440022772,trust-constr-exact-hess+KKT,SLSQP,0.3923268009966705,0.13451866200193763,21,SLSQP:9|SLSQP+descent-check:1|projected-start:2|projected-start+descent-check:1|trust-constr-exact-hess+KKT:7|trust-constr-exact-hess+KKT+descent-check:1,8,25,36,3,98,True,True,3.3149437489919364,9.61576791400148,,
focused-final,eta_c(2S),BRU,ok,M059.4,parameter,0.01899828137652683,0.011921287074888197,2.5878422220963664,0.011735016964343068,0.011688449436706789,0.030733298340869897,0.007309831939820041,0.0048926055433677895,-0.0024815600085261735,3.592734827639734,3.58536066208784,1.0408340855860843e-17,2.862293735361732e-17,8.730886850116774e-16,2.400993883782113e-15,1.345314363827773e-10,1.7995316057770745e-05,5066.963935822461,286.43008376694024,trust-constr-exact-hess+KKT,SLSQP,0.08669917201041244,0.0643886189936893,21,SLSQP:8|SLSQP+descent-check:1|projected-start:2|projected-start+descent-check:1|trust-constr-exact-hess:2|trust-constr-exact-hess+KKT:7,7,3,4,0,5,True,True,1.6978295339940814,11.772238618999836,,
focused-final,eta_c J/psi psi(2S),BRU,ok,M026.31,parameter,0.00016441221966372545,1.0620665023869869e-05,185.51089892931617,1.1159995669613251e-05,1.0454717132871876e-05,0.0001755722153333387,0.00015395750253085358,0.0007509779947838524,0.003408387584954653,186.51164990731095,186.51430731690112,6.388661301370835e-17,1.9895109865109006e-17,6.015311929161087e-12,1.8732452083174537e-12,0.026706275929942902,0.0011957257764975732,167.80729475847008,147.82626118287502,SLSQP+descent-check,SLSQP+descent-check,0.2920175159961218,0.2553957880008966,21,SLSQP:2|SLSQP+descent-check:17|projected-start+descent-check:2,0,21,50,2,115,True,True,4.849163867998868,6.7633585590083385,,
focused-final,eta_c J/psi psi(2S),BRU,ok,M026G03,node,1.339674883770437e-05,2.0846538175854575e-06,185.51089892931617,2.100940175535347e-06,2.0765106386105144e-06,1.5497689013239717e-05,1.1320238199093855e-05,0.00490332908259461,0.001127303698524429,186.51580225839876,186.5120262330147,1.354607831098804e-18,1.2895036493159956e-17,6.497998946740104e-13,6.185696821401063e-12,0.0005496725358452127,7.261634714592115,1428.3891645931942,782.26535774676,SLSQP,SLSQP+descent-check,0.280491826008074,0.2893114359903848,22,SLSQP:5|SLSQP+descent-check:15|projected-start:1|projected-start+descent-check:1,0,21,50,2,115,True,True,4.849163867998868,7.150613846999477,,
focused-final,eta_c J/psi psi(2S),BRU,ok,M026G07,node,9.239218621239836e-06,7.969901891664342e-07,185.51089892931617,7.969901891664335e-07,7.969901891664335e-07,1.003620881040627e-05,8.442228432073402e-06,-0.004394001370201295,0.004232607892561191,186.50650492794597,186.51513153720873,4.368151986707929e-18,2.1071700170027376e-18,5.480810235915883e-12,2.643909605972202e-12,1.3724812220599203,2.9664003168258577,1576.315385650125,1136.1364386823552,SLSQP+descent-check,SLSQP+descent-check,0.3025303449976491,0.3342000249976991,7,SLSQP+descent-check:5|projected-start+descent-check:2,0,21,50,2,115,True,True,4.849163867998868,3.3161919599951943,,
focused-final,B0,BRU,ok,S042.390,parameter,0.014760818769016986,0.0008066861451187471,82.90199359780131,0.0007940816741012647,0.0008035350273643757,0.01555490044311825,0.01395728374165261,0.0021158119918851526,0.00012230365588550285,83.9041094097932,83.9021159014572,1.5612511283791264e-17,3.8163916471489756e-17,1.9353885495942224e-14,4.730949787896988e-14,1.571982115386747e-06,0.004948688535555456,19055.489125652104,15285.852440022772,trust-constr-exact-hess+KKT,SLSQP,0.3419811670028139,0.11700318299699575,21,SLSQP:9|SLSQP+descent-check:1|projected-start:2|projected-start+descent-check:1|trust-constr-exact-hess+KKT:7|trust-constr-exact-hess+KKT+descent-check:1,8,25,36,3,98,True,True,3.3149437489919364,7.903618508993532,,
focused-final,B0,BRU,ok,S042B95,node,0.29080520743599103,0.015264802654805856,82.90199359780131,0.015264802654805842,0.015264802654805842,0.3060700100907969,0.2755404047811852,-0.0041375141125143955,0.0011561377639424109,83.8978560836888,83.90314973556525,2.220446049250313e-16,5.551115123125783e-17,1.4546182479150783e-14,3.636545619787696e-15,4.299781892700813e-08,4189.031327952809,66023.11581308315,74695.15672755775,trust-constr-exact-hess+KKT,trust-constr-exact-hess+KKT+descent-check,0.7692412259930279,0.5038195829984033,7,projected-start:1|projected-start+descent-check:2|trust-constr-exact-hess+KKT:2|trust-constr-exact-hess+KKT+descent-check:2,4,25,36,3,98,True,True,3.3149437489919364,5.901123271993129,,
